month,product,units_ordered
2024-10,Probiotic Powder,6145
2024-11,Probiotic Powder,6670
2024-12,Probiotic Powder,7439
2025-01,Probiotic Powder,5860
2025-02,Probiotic Powder,5881
2025-03,Probiotic Powder,6528
2025-04,Probiotic Powder,6535
2025-05,Probiotic Powder,7211
2025-06,Probiotic Powder,7596
2025-07,Probiotic Powder,7813
2025-08,Probiotic Powder,7103
2025-09,Probiotic Powder,7276
2025-10,Probiotic Powder,7428
2025-11,Probiotic Powder,8643
2025-12,Probiotic Powder,9074
2026-01,Probiotic Powder,6938
2026-02,Probiotic Powder,7723
2026-03,Probiotic Powder,8443
2026-04,Probiotic Powder,8531
2026-05,Probiotic Powder,8971
2026-06,Probiotic Powder,8782
2026-07,Probiotic Powder,8675
2026-08,Probiotic Powder,9113
2026-09,Probiotic Powder,8558
2024-10,Enzyme Concentrate,3173
2024-11,Enzyme Concentrate,3403
2024-12,Enzyme Concentrate,3521
2025-01,Enzyme Concentrate,3072
2025-02,Enzyme Concentrate,3042
2025-03,Enzyme Concentrate,3490
2025-04,Enzyme Concentrate,3515
2025-05,Enzyme Concentrate,3763
2025-06,Enzyme Concentrate,3826
2025-07,Enzyme Concentrate,3919
2025-08,Enzyme Concentrate,3767
2025-09,Enzyme Concentrate,3663
2025-10,Enzyme Concentrate,4163
2025-11,Enzyme Concentrate,4423
2025-12,Enzyme Concentrate,4607
2026-01,Enzyme Concentrate,3742
2026-02,Enzyme Concentrate,3537
2026-03,Enzyme Concentrate,3820
2026-04,Enzyme Concentrate,4017
2026-05,Enzyme Concentrate,4116
2026-06,Enzyme Concentrate,4621
2026-07,Enzyme Concentrate,4435
2026-08,Enzyme Concentrate,4596
2026-09,Enzyme Concentrate,4318
2024-10,Bio-Fertilizer,4890
2024-11,Bio-Fertilizer,5113
2024-12,Bio-Fertilizer,4876
2025-01,Bio-Fertilizer,4116
2025-02,Bio-Fertilizer,4419
2025-03,Bio-Fertilizer,4567
2025-04,Bio-Fertilizer,5045
2025-05,Bio-Fertilizer,4946
2025-06,Bio-Fertilizer,4888
2025-07,Bio-Fertilizer,5230
2025-08,Bio-Fertilizer,5218
2025-09,Bio-Fertilizer,4857
2025-10,Bio-Fertilizer,4934
2025-11,Bio-Fertilizer,5381
2025-12,Bio-Fertilizer,6120
2026-01,Bio-Fertilizer,4908
2026-02,Bio-Fertilizer,4483
2026-03,Bio-Fertilizer,4952
2026-04,Bio-Fertilizer,5056
2026-05,Bio-Fertilizer,5275
2026-06,Bio-Fertilizer,5928
2026-07,Bio-Fertilizer,5496
2026-08,Bio-Fertilizer,5640
2026-09,Bio-Fertilizer,5500
