month,product,forecast_units,lower,upper
2026-10,Probiotic Powder,8974,8745,9203
2026-11,Probiotic Powder,10043,9814,10272
2026-12,Probiotic Powder,10817,10588,11046
2027-01,Probiotic Powder,8361,8132,8590
2027-02,Probiotic Powder,8806,8577,9035
2027-03,Probiotic Powder,9661,9432,9890
2026-10,Enzyme Concentrate,4655,4528,4782
2026-11,Enzyme Concentrate,4952,4825,5079
2026-12,Enzyme Concentrate,5125,4998,5252
2027-01,Enzyme Concentrate,4296,4169,4423
2027-02,Enzyme Concentrate,4144,4017,4271
2027-03,Enzyme Concentrate,4602,4475,4729
2026-10,Bio-Fertilizer,5609,5408,5810
2026-11,Bio-Fertilizer,5979,5778,6180
2026-12,Bio-Fertilizer,6234,6033,6435
2027-01,Bio-Fertilizer,5118,4917,5319
2027-02,Bio-Fertilizer,5062,4861,5263
2027-03,Bio-Fertilizer,5400,5199,5601
